Time (%),Total Time (ns),Instances,Avg (ns),Med (ns),Min (ns),Max (ns),StdDev (ns),Name
28.7,4186317731,1,4186317731.0,4186317731.0,4186317731,4186317731,0.0,"void generativeqc::scf::cuda_execution::bounded_direct_shell_quartet_kernel<(bool)0, (generativeqc::scf::cuda_execution::DirectScreeningPurpose)1, (bool)1, (int)4, (int)4>(generativeqc::scf::cuda_execution::DeviceBatch, double, const double *, const generativeqc::scf::cuda_execution::ShellPairDensityBounds *, const unsigned int *, const double *, const double *, const unsigned long *, unsigned long, const unsigned int *, const double *, const double *, const unsigned char *, double *, unsigned long long *, generativeqc::scf::cuda_execution::DeviceShellClassProfileEntry *, double, double, generativeqc::scf::cuda_execution::DirectRangeOperator, double, double, bool, bool, generativeqc::scf::detail::BoundedDirectBlockDomain)"
23.9,3484196708,1,3484196708.0,3484196708.0,3484196708,3484196708,0.0,"void generativeqc::scf::cuda_execution::bounded_direct_shell_quartet_kernel<(bool)0, (generativeqc::scf::cuda_execution::DirectScreeningPurpose)1, (bool)1, (int)5, (int)4>(generativeqc::scf::cuda_execution::DeviceBatch, double, const double *, const generativeqc::scf::cuda_execution::ShellPairDensityBounds *, const unsigned int *, const double *, const double *, const unsigned long *, unsigned long, const unsigned int *, const double *, const double *, const unsigned char *, double *, unsigned long long *, generativeqc::scf::cuda_execution::DeviceShellClassProfileEntry *, double, double, generativeqc::scf::cuda_execution::DirectRangeOperator, double, double, bool, bool, generativeqc::scf::detail::BoundedDirectBlockDomain)"
13.6,1980488854,1,1980488854.0,1980488854.0,1980488854,1980488854,0.0,"void generativeqc::scf::cuda_execution::bounded_direct_shell_quartet_kernel<(bool)0, (generativeqc::scf::cuda_execution::DirectScreeningPurpose)1, (bool)1, (int)6, (int)4>(generativeqc::scf::cuda_execution::DeviceBatch, double, const double *, const generativeqc::scf::cuda_execution::ShellPairDensityBounds *, const unsigned int *, const double *, const double *, const unsigned long *, unsigned long, const unsigned int *, const double *, const double *, const unsigned char *, double *, unsigned long long *, generativeqc::scf::cuda_execution::DeviceShellClassProfileEntry *, double, double, generativeqc::scf::cuda_execution::DirectRangeOperator, double, double, bool, bool, generativeqc::scf::detail::BoundedDirectBlockDomain)"
11.4,1660860335,1,1660860335.0,1660860335.0,1660860335,1660860335,0.0,"void generativeqc::scf::cuda_execution::bounded_direct_shell_quartet_kernel<(bool)0, (generativeqc::scf::cuda_execution::DirectScreeningPurpose)1, (bool)1, (int)7, (int)4>(generativeqc::scf::cuda_execution::DeviceBatch, double, const double *, const generativeqc::scf::cuda_execution::ShellPairDensityBounds *, const unsigned int *, const double *, const double *, const unsigned long *, unsigned long, const unsigned int *, const double *, const double *, const unsigned char *, double *, unsigned long long *, generativeqc::scf::cuda_execution::DeviceShellClassProfileEntry *, double, double, generativeqc::scf::cuda_execution::DirectRangeOperator, double, double, bool, bool, generativeqc::scf::detail::BoundedDirectBlockDomain)"
6.2,897200136,1,897200136.0,897200136.0,897200136,897200136,0.0,"void generativeqc::scf::cuda_execution::bounded_direct_shell_quartet_kernel<(bool)0, (generativeqc::scf::cuda_execution::DirectScreeningPurpose)1, (bool)1, (int)2, (int)4>(generativeqc::scf::cuda_execution::DeviceBatch, double, const double *, const generativeqc::scf::cuda_execution::ShellPairDensityBounds *, const unsigned int *, const double *, const double *, const unsigned long *, unsigned long, const unsigned int *, const double *, const double *, const unsigned char *, double *, unsigned long long *, generativeqc::scf::cuda_execution::DeviceShellClassProfileEntry *, double, double, generativeqc::scf::cuda_execution::DirectRangeOperator, double, double, bool, bool, generativeqc::scf::detail::BoundedDirectBlockDomain)"
5.7,826669565,1,826669565.0,826669565.0,826669565,826669565,0.0,"void generativeqc::scf::cuda_execution::bounded_direct_shell_quartet_kernel<(bool)0, (generativeqc::scf::cuda_execution::DirectScreeningPurpose)1, (bool)1, (int)3, (int)4>(generativeqc::scf::cuda_execution::DeviceBatch, double, const double *, const generativeqc::scf::cuda_execution::ShellPairDensityBounds *, const unsigned int *, const double *, const double *, const unsigned long *, unsigned long, const unsigned int *, const double *, const double *, const unsigned char *, double *, unsigned long long *, generativeqc::scf::cuda_execution::DeviceShellClassProfileEntry *, double, double, generativeqc::scf::cuda_execution::DirectRangeOperator, double, double, bool, bool, generativeqc::scf::detail::BoundedDirectBlockDomain)"
3.8,548184391,1,548184391.0,548184391.0,548184391,548184391,0.0,"void generativeqc::scf::cuda_execution::bounded_direct_shell_quartet_kernel<(bool)0, (generativeqc::scf::cuda_execution::DirectScreeningPurpose)1, (bool)1, (int)8, (int)4>(generativeqc::scf::cuda_execution::DeviceBatch, double, const double *, const generativeqc::scf::cuda_execution::ShellPairDensityBounds *, const unsigned int *, const double *, const double *, const unsigned long *, unsigned long, const unsigned int *, const double *, const double *, const unsigned char *, double *, unsigned long long *, generativeqc::scf::cuda_execution::DeviceShellClassProfileEntry *, double, double, generativeqc::scf::cuda_execution::DirectRangeOperator, double, double, bool, bool, generativeqc::scf::detail::BoundedDirectBlockDomain)"
3.5,509911656,1,509911656.0,509911656.0,509911656,509911656,0.0,"void generativeqc::scf::cuda_execution::bounded_direct_shell_quartet_kernel<(bool)0, (generativeqc::scf::cuda_execution::DirectScreeningPurpose)1, (bool)1, (int)1, (int)4>(generativeqc::scf::cuda_execution::DeviceBatch, double, const double *, const generativeqc::scf::cuda_execution::ShellPairDensityBounds *, const unsigned int *, const double *, const double *, const unsigned long *, unsigned long, const unsigned int *, const double *, const double *, const unsigned char *, double *, unsigned long long *, generativeqc::scf::cuda_execution::DeviceShellClassProfileEntry *, double, double, generativeqc::scf::cuda_execution::DirectRangeOperator, double, double, bool, bool, generativeqc::scf::detail::BoundedDirectBlockDomain)"
2.0,284519614,1,284519614.0,284519614.0,284519614,284519614,0.0,"void generativeqc::scf::cuda_execution::bounded_direct_shell_quartet_kernel<(bool)0, (generativeqc::scf::cuda_execution::DirectScreeningPurpose)1, (bool)1, (int)0, (int)4>(generativeqc::scf::cuda_execution::DeviceBatch, double, const double *, const generativeqc::scf::cuda_execution::ShellPairDensityBounds *, const unsigned int *, const double *, const double *, const unsigned long *, unsigned long, const unsigned int *, const double *, const double *, const unsigned char *, double *, unsigned long long *, generativeqc::scf::cuda_execution::DeviceShellClassProfileEntry *, double, double, generativeqc::scf::cuda_execution::DirectRangeOperator, double, double, bool, bool, generativeqc::scf::detail::BoundedDirectBlockDomain)"
0.3,48825871,1,48825871.0,48825871.0,48825871,48825871,0.0,"void generativeqc::scf::cuda_execution::bounded_direct_shell_quartet_kernel<(bool)0, (generativeqc::scf::cuda_execution::DirectScreeningPurpose)1, (bool)1, (int)10, (int)4>(generativeqc::scf::cuda_execution::DeviceBatch, double, const double *, const generativeqc::scf::cuda_execution::ShellPairDensityBounds *, const unsigned int *, const double *, const double *, const unsigned long *, unsigned long, const unsigned int *, const double *, const double *, const unsigned char *, double *, unsigned long long *, generativeqc::scf::cuda_execution::DeviceShellClassProfileEntry *, double, double, generativeqc::scf::cuda_execution::DirectRangeOperator, double, double, bool, bool, generativeqc::scf::detail::BoundedDirectBlockDomain)"
0.3,48391795,1,48391795.0,48391795.0,48391795,48391795,0.0,"void generativeqc::scf::cuda_execution::bounded_direct_shell_quartet_kernel<(bool)0, (generativeqc::scf::cuda_execution::DirectScreeningPurpose)1, (bool)1, (int)9, (int)4>(generativeqc::scf::cuda_execution::DeviceBatch, double, const double *, const generativeqc::scf::cuda_execution::ShellPairDensityBounds *, const unsigned int *, const double *, const double *, const unsigned long *, unsigned long, const unsigned int *, const double *, const double *, const unsigned char *, double *, unsigned long long *, generativeqc::scf::cuda_execution::DeviceShellClassProfileEntry *, double, double, generativeqc::scf::cuda_execution::DirectRangeOperator, double, double, bool, bool, generativeqc::scf::detail::BoundedDirectBlockDomain)"
0.3,47379098,1,47379098.0,47379098.0,47379098,47379098,0.0,"void generativeqc::scf::cuda_execution::bounded_direct_shell_quartet_kernel<(bool)0, (generativeqc::scf::cuda_execution::DirectScreeningPurpose)1, (bool)1, (int)12, (int)4>(generativeqc::scf::cuda_execution::DeviceBatch, double, const double *, const generativeqc::scf::cuda_execution::ShellPairDensityBounds *, const unsigned int *, const double *, const double *, const unsigned long *, unsigned long, const unsigned int *, const double *, const double *, const unsigned char *, double *, unsigned long long *, generativeqc::scf::cuda_execution::DeviceShellClassProfileEntry *, double, double, generativeqc::scf::cuda_execution::DirectRangeOperator, double, double, bool, bool, generativeqc::scf::detail::BoundedDirectBlockDomain)"
0.3,46951102,1,46951102.0,46951102.0,46951102,46951102,0.0,"void generativeqc::scf::cuda_execution::bounded_direct_shell_quartet_kernel<(bool)0, (generativeqc::scf::cuda_execution::DirectScreeningPurpose)1, (bool)1, (int)11, (int)4>(generativeqc::scf::cuda_execution::DeviceBatch, double, const double *, const generativeqc::scf::cuda_execution::ShellPairDensityBounds *, const unsigned int *, const double *, const double *, const unsigned long *, unsigned long, const unsigned int *, const double *, const double *, const unsigned char *, double *, unsigned long long *, generativeqc::scf::cuda_execution::DeviceShellClassProfileEntry *, double, double, generativeqc::scf::cuda_execution::DirectRangeOperator, double, double, bool, bool, generativeqc::scf::detail::BoundedDirectBlockDomain)"
