start_ns,end_ns,stream,correlation_id,registers_per_thread,local_bytes_per_thread,grid_x,block_x,name
211789359,339075848,14,1616536,125,0,1360,32,generated_sm120_ssss_shell_class_fock_rhf_streaming_kernel
339077544,491450969,14,1616539,115,0,1360,32,generated_sm120_psss_shell_class_fock_rhf_streaming_kernel
491452121,694895451,14,1616542,166,0,1360,32,generated_sm120_psps_shell_class_fock_rhf_streaming_kernel
694897947,805342127,14,1616545,176,0,1360,32,generated_sm120_ppss_shell_class_fock_rhf_streaming_kernel
805343759,1005702634,14,1616548,218,0,1360,128,generated_sm120_ppps_shell_class_fock_rhf_streaming_kernel
1005705098,1204211105,14,1616551,128,0,1360,128,generated_sm120_pppp_shell_class_fock_rhf_streaming_kernel
1204213153,1300626902,14,1616554,254,0,1360,32,generated_sm120_dsss_shell_class_fock_rhf_streaming_kernel
1300629238,1407338530,14,1616557,160,0,1360,128,generated_sm120_dsps_shell_class_fock_rhf_streaming_kernel
1407341090,1475733626,14,1616560,168,0,1360,128,generated_sm120_dspp_shell_class_fock_rhf_streaming_kernel
1475736378,1508673954,14,1616563,136,0,1360,128,generated_sm120_dsds_shell_class_fock_rhf_streaming_kernel
1508676450,1584476362,14,1616566,126,0,1360,128,generated_sm120_dpss_shell_class_fock_rhf_streaming_kernel
1584479210,1835589941,14,1616569,168,0,1360,128,generated_sm120_dpps_shell_class_fock_rhf_streaming_kernel
1835591189,1950602868,14,1616572,254,0,1360,128,generated_sm120_dppp_shell_class_fock_rhf_streaming_kernel
1950604116,2013202462,14,1616575,250,0,1360,128,generated_sm120_dpds_shell_class_fock_rhf_streaming_kernel
2013204414,2089014982,14,1616578,247,0,1360,128,generated_sm120_dpdp_shell_class_fock_rhf_streaming_kernel
2089017446,2165022062,14,1616581,134,0,1360,128,generated_sm120_ddss_shell_class_fock_rhf_streaming_kernel
2165024014,2314920696,14,1616584,190,0,1360,128,generated_sm120_ddps_shell_class_fock_rhf_streaming_kernel
2314922584,2379285030,14,1616587,127,0,1360,352,generated_sm120_ddpp_shell_class_fock_rhf_streaming_kernel
2379286150,2610094627,14,1616590,168,0,1360,128,generated_sm120_ddds_shell_class_fock_rhf_streaming_kernel
2610096323,2684256454,14,1616593,168,0,1360,128,generated_sm120_dddp_shell_class_fock_rhf_streaming_kernel
2724140478,2829854247,14,1616611,125,0,1360,32,generated_sm120_ssss_shell_class_fock_rhf_streaming_kernel
2829856359,2975022951,14,1616614,115,0,1360,32,generated_sm120_psss_shell_class_fock_rhf_streaming_kernel
2975024007,3163163270,14,1616617,166,0,1360,32,generated_sm120_psps_shell_class_fock_rhf_streaming_kernel
3163164998,3268276973,14,1616620,176,0,1360,32,generated_sm120_ppss_shell_class_fock_rhf_streaming_kernel
3268277837,3460546293,14,1616623,218,0,1360,128,generated_sm120_ppps_shell_class_fock_rhf_streaming_kernel
3460547637,3560020144,14,1616626,128,0,1360,128,generated_sm120_pppp_shell_class_fock_rhf_streaming_kernel
3560021264,3648340371,14,1616629,254,0,1360,32,generated_sm120_dsss_shell_class_fock_rhf_streaming_kernel
3648341267,3741368128,14,1616632,160,0,1360,128,generated_sm120_dsps_shell_class_fock_rhf_streaming_kernel
3741369760,3789116233,14,1616635,168,0,1360,128,generated_sm120_dspp_shell_class_fock_rhf_streaming_kernel
3789118025,3811800507,14,1616638,136,0,1360,128,generated_sm120_dsds_shell_class_fock_rhf_streaming_kernel
3811801723,3881804341,14,1616641,126,0,1360,128,generated_sm120_dpss_shell_class_fock_rhf_streaming_kernel
3881806549,4082921265,14,1616644,168,0,1360,128,generated_sm120_dpps_shell_class_fock_rhf_streaming_kernel
4082922705,4174974492,14,1616647,254,0,1360,128,generated_sm120_dppp_shell_class_fock_rhf_streaming_kernel
4174976412,4226529423,14,1616650,250,0,1360,128,generated_sm120_dpds_shell_class_fock_rhf_streaming_kernel
4226530831,4284486160,14,1616653,247,0,1360,128,generated_sm120_dpdp_shell_class_fock_rhf_streaming_kernel
4284487312,4347687165,14,1616656,134,0,1360,128,generated_sm120_ddss_shell_class_fock_rhf_streaming_kernel
4347688637,4445000533,14,1616659,190,0,1360,128,generated_sm120_ddps_shell_class_fock_rhf_streaming_kernel
4445001749,4483086858,14,1616662,127,0,1360,352,generated_sm120_ddpp_shell_class_fock_rhf_streaming_kernel
4483088362,4655238026,14,1616665,168,0,1360,128,generated_sm120_ddds_shell_class_fock_rhf_streaming_kernel
4655239626,4709436994,14,1616668,168,0,1360,128,generated_sm120_dddp_shell_class_fock_rhf_streaming_kernel
