Time (%),Total Time (ns),Num Calls,Avg (ns),Med (ns),Min (ns),Max (ns),StdDev (ns),Name
69.2,16046189126,21699,739489.8,4377.0,3375,6555347519,45339783.5,cudaMemcpyAsync
30.4,7046514818,166941,42209.6,2914.0,2454,227883748,1907691.7,cudaLaunchKernel
0.3,76905178,18492,4158.8,3856.0,1763,36715,1839.1,cudaMemsetAsync
0.1,25169444,8512,2956.9,2744.0,2334,22684,719.2,cuLaunchKernel
0.0,4160599,8512,488.8,431.0,180,13390,335.8,cuKernelGetFunction
0.0,3315027,4792,691.8,461.0,420,23715,988.3,cudaStreamSynchronize
0.0,126820,2,63410.0,63410.0,56935,69885,9157.0,cudaMemGetInfo
0.0,34322,2,17161.0,17161.0,11227,23095,8391.9,cudaMemcpy
0.0,22723,2,11361.5,11361.5,2463,20260,12584.4,cudaEventRecord
0.0,10886,2,5443.0,5443.0,4617,6269,1168.1,cudaEventCreateWithFlags
0.0,4948,3,1649.3,2123.0,321,2504,1166.0,cudaStreamIsCapturing_v10000
0.0,4477,1,4477.0,4477.0,4477,4477,0.0,cuProfilerStart
0.0,3385,2,1692.5,1692.5,691,2694,1416.3,cudaStreamWaitEvent
0.0,1762,2,881.0,881.0,220,1542,934.8,cudaEventDestroy
